-- QB Fabrication CRM — migration 004
-- Demo seed data (accounts, opportunities, jobs, tasks, documents, etc.)
-- Run in Supabase SQL Editor AFTER 003

insert into public.organizations (id, name, slug)
values ('a0000000-0000-4000-8000-000000000001', 'QB Fabrication', 'qb-fabrication')
on conflict (slug) do update set name = excluded.name;

-- Accounts
insert into public.accounts (id, organization_id, name, short_name, contact, email, phone, city, state, status) values ('a0000000-0000-4000-8000-000000000101', 'a0000000-0000-4000-8000-000000000001', 'Bonneville Power Administration', 'BPA', 'Mark Hendricks', 'm.hendricks@bpa.gov', '(503) 230-5501', 'Portland', 'OR', 'Active') on conflict (id) do nothing;
insert into public.accounts (id, organization_id, name, short_name, contact, email, phone, city, state, status) values ('a0000000-0000-4000-8000-000000000102', 'a0000000-0000-4000-8000-000000000001', 'Pacific Gas & Electric', 'PGE', 'Sandra Wu', 's.wu@pge.com', '(415) 972-7100', 'San Francisco', 'CA', 'Active') on conflict (id) do nothing;
insert into public.accounts (id, organization_id, name, short_name, contact, email, phone, city, state, status) values ('a0000000-0000-4000-8000-000000000103', 'a0000000-0000-4000-8000-000000000001', 'Puget Sound Energy', 'PSE', 'David Carlson', 'd.carlson@pse.com', '(425) 456-2000', 'Bellevue', 'WA', 'Active') on conflict (id) do nothing;
insert into public.accounts (id, organization_id, name, short_name, contact, email, phone, city, state, status) values ('a0000000-0000-4000-8000-000000000104', 'a0000000-0000-4000-8000-000000000001', 'Portland General Electric', 'PortGE', 'Rachel Torres', 'r.torres@portlandgeneral.com', '(503) 464-8000', 'Portland', 'OR', 'Active') on conflict (id) do nothing;
insert into public.accounts (id, organization_id, name, short_name, contact, email, phone, city, state, status) values ('a0000000-0000-4000-8000-000000000105', 'a0000000-0000-4000-8000-000000000001', 'Idaho Power Company', 'IDPC', 'Tom Bates', 't.bates@idahopower.com', '(208) 388-2200', 'Boise', 'ID', 'Inactive') on conflict (id) do nothing;

-- Opportunities
insert into public.opportunities (id, organization_id, account_id, title, value, stage, probability, close_date, assignee, notes) values ('a00000000000-0000-4000-8000-000000000301', 'a0000000-0000-4000-8000-000000000001', 'a0000000-0000-4000-8000-000000000101', 'BPA – Celilo Converter Station Retrofit', 1250000, 'Estimating', 60, '2025-09-30', 'Ivy Chen', 'Large retrofit – need full BOM before final estimate') on conflict (id) do nothing;
insert into public.opportunities (id, organization_id, account_id, title, value, stage, probability, close_date, assignee, notes) values ('a00000000000-0000-4000-8000-000000000302', 'a0000000-0000-4000-8000-000000000001', 'a0000000-0000-4000-8000-000000000102', 'PGE – Humboldt Bay Switching Station', 540000, 'Proposal', 75, '2025-08-15', 'James Nguyen', 'Strong relationship. Awaiting final rev from PGE engineering.') on conflict (id) do nothing;
insert into public.opportunities (id, organization_id, account_id, title, value, stage, probability, close_date, assignee, notes) values ('a00000000000-0000-4000-8000-000000000303', 'a0000000-0000-4000-8000-000000000001', 'a0000000-0000-4000-8000-000000000103', 'PSE – South King County Rebuild', 320000, 'Qualification', 40, '2025-10-15', 'Ivy Chen', 'Competing with two other shops') on conflict (id) do nothing;
insert into public.opportunities (id, organization_id, account_id, title, value, stage, probability, close_date, assignee, notes) values ('a00000000000-0000-4000-8000-000000000304', 'a0000000-0000-4000-8000-000000000001', 'a0000000-0000-4000-8000-000000000101', 'BPA – Columbia River Corridor Phase 2', 2100000, 'Prospecting', 20, '2026-01-30', 'James Nguyen', 'Early stage – RFI received') on conflict (id) do nothing;
insert into public.opportunities (id, organization_id, account_id, title, value, stage, probability, close_date, assignee, notes) values ('a00000000000-0000-4000-8000-000000000305', 'a0000000-0000-4000-8000-000000000001', 'a0000000-0000-4000-8000-000000000105', 'IDPC – Magic Valley Substation', 180000, 'Negotiation', 85, '2025-07-31', 'Ivy Chen', 'Price negotiation ongoing – likely to close') on conflict (id) do nothing;
insert into public.opportunities (id, organization_id, account_id, title, value, stage, probability, close_date, assignee, notes) values ('a00000000000-0000-4000-8000-000000000306', 'a0000000-0000-4000-8000-000000000001', 'a0000000-0000-4000-8000-000000000104', 'PortGE – East Portland Dist Upgrade', 95000, 'Won', 100, '2025-06-01', 'Cuong Tran', 'Won – converting to job') on conflict (id) do nothing;
insert into public.opportunities (id, organization_id, account_id, title, value, stage, probability, close_date, assignee, notes) values ('a00000000000-0000-4000-8000-000000000307', 'a0000000-0000-4000-8000-000000000001', 'a0000000-0000-4000-8000-000000000103', 'PSE – Ellensburg Transmission Tap', 210000, 'Lost', 0, '2025-06-10', 'James Nguyen', 'Lost on price – Ace Fabrication undercut by 12%') on conflict (id) do nothing;
insert into public.opportunities (id, organization_id, account_id, title, value, stage, probability, close_date, assignee, notes) values ('a00000000000-0000-4000-8000-000000000308', 'a0000000-0000-4000-8000-000000000001', 'a0000000-0000-4000-8000-000000000101', 'BPA – Hanford Site Distribution', 760000, 'Estimating', 55, '2025-09-01', 'Ivy Chen', 'Complex scope – nuclear site access requirements') on conflict (id) do nothing;

-- Jobs
insert into public.jobs (id, organization_id, account_id, job_number, po_number, description, status, priority, delivery_date, start_date, tonnage, value, mark_numbers, assignees, progress, notes, google_drive_folder_id) values ('a0000000-0000-4000-8000-000000000201', 'a0000000-0000-4000-8000-000000000001', 'a0000000-0000-4000-8000-000000000101', 'QB-2025-041', 'BPA PO 90866', '230kV Substation Crossarm Assembly – McNary Rebuild', 'In Progress', 'Urgent', '2025-08-15', '2025-06-01', 18.4, 312500, '{"MK-230H-01","MK-230H-02","MK-230H-03","MK-230H-04"}', '{"James Nguyen","Cuong Tran"}', 62, 'BPA project manager is Mark Hendricks. Delivery must coordinate with site crew – 48hr notice required. Galvanizer lead time is 5 business days.', 'mock-folder-QB2025041') on conflict (id) do nothing;
insert into public.jobs (id, organization_id, account_id, job_number, po_number, description, status, priority, delivery_date, start_date, tonnage, value, mark_numbers, assignees, progress, notes, google_drive_folder_id) values ('a0000000-0000-4000-8000-000000000202', 'a0000000-0000-4000-8000-000000000001', 'a0000000-0000-4000-8000-000000000102', 'QB-2025-038', 'PGE 21706', '115kV Double-Circuit Crossarm – Diablo Canyon Switchyard', 'QC', 'Hot', '2025-07-30', '2025-05-15', 11.2, 198000, '{"MK-115DC-A","MK-115DC-B"}', '{"Cuong Tran"}', 85, 'Rush order – expedited delivery required.', 'mock-folder-QB2025038') on conflict (id) do nothing;
insert into public.jobs (id, organization_id, account_id, job_number, po_number, description, status, priority, delivery_date, start_date, tonnage, value, mark_numbers, assignees, progress, notes, google_drive_folder_id) values ('a0000000-0000-4000-8000-000000000203', 'a0000000-0000-4000-8000-000000000001', 'a0000000-0000-4000-8000-000000000103', 'QB-2025-035', 'PSE-44912', 'MK-E Series Pedestal Bases – Clearwater Substation', 'To Do', 'Normal', '2025-09-10', '2025-07-15', 24.7, 445000, '{"MK-E-P01","MK-E-P02","MK-E-P03","MK-E-P04","MK-E-P05","MK-E-P06"}', '{"James Nguyen","Ivy Chen"}', 5, 'Large tonnage job. Coordinate with shipping for multi-load delivery.', 'mock-folder-QB2025035') on conflict (id) do nothing;
insert into public.jobs (id, organization_id, account_id, job_number, po_number, description, status, priority, delivery_date, start_date, tonnage, value, mark_numbers, assignees, progress, notes, google_drive_folder_id) values ('a0000000-0000-4000-8000-000000000204', 'a0000000-0000-4000-8000-000000000001', 'a0000000-0000-4000-8000-000000000101', 'QB-2025-031', 'BPA PO 89102', '500kV Tower Base Plates – John Day Corridor', 'Shipping', 'Normal', '2025-07-05', '2025-04-10', 52.1, 672000, '{"MK-500-BP01","MK-500-BP02","MK-500-BP03"}', '{"James Nguyen"}', 95, 'Oversized load – permits required for OR and WA highway.', 'mock-folder-QB2025031') on conflict (id) do nothing;
insert into public.jobs (id, organization_id, account_id, job_number, po_number, description, status, priority, delivery_date, start_date, tonnage, value, mark_numbers, assignees, progress, notes, google_drive_folder_id) values ('a0000000-0000-4000-8000-000000000205', 'a0000000-0000-4000-8000-000000000001', 'a0000000-0000-4000-8000-000000000104', 'QB-2025-027', 'PortGE-3881', 'Distribution Pole Hardware – Sellwood Circuit', 'Delivered', 'Normal', '2025-06-20', '2025-05-01', 6.8, 89500, '{"MK-DPH-S1","MK-DPH-S2"}', '{"Cuong Tran"}', 100, 'Completed on time. Customer satisfied.', 'mock-folder-QB2025027') on conflict (id) do nothing;

-- Tasks
insert into public.tasks (id, organization_id, job_id, title, completed, assignee, due_date, category, sort_order) values ('b00000000000-0000-4000-8000-000000000001', 'a0000000-0000-4000-8000-000000000001', 'a0000000-0000-4000-8000-000000000201', 'Review approved drawings (Rev C)', true, 'Ivy Chen', '2025-06-05', 'Engineering', 0) on conflict (id) do nothing;
insert into public.tasks (id, organization_id, job_id, title, completed, assignee, due_date, category, sort_order) values ('b00000000000-0000-4000-8000-000000000002', 'a0000000-0000-4000-8000-000000000001', 'a0000000-0000-4000-8000-000000000201', 'Material procurement – A36 plate, ¾" bolts', true, 'James Nguyen', '2025-06-10', 'Fabrication', 1) on conflict (id) do nothing;
insert into public.tasks (id, organization_id, job_id, title, completed, assignee, due_date, category, sort_order) values ('b00000000000-0000-4000-8000-000000000003', 'a0000000-0000-4000-8000-000000000001', 'a0000000-0000-4000-8000-000000000201', 'Cut all plate to DXF', true, 'Cuong Tran', '2025-06-18', 'Fabrication', 2) on conflict (id) do nothing;
insert into public.tasks (id, organization_id, job_id, title, completed, assignee, due_date, category, sort_order) values ('b00000000000-0000-4000-8000-000000000004', 'a0000000-0000-4000-8000-000000000001', 'a0000000-0000-4000-8000-000000000201', 'Fit & weld crossarm brackets', true, 'James Nguyen', '2025-06-28', 'Fabrication', 3) on conflict (id) do nothing;
insert into public.tasks (id, organization_id, job_id, title, completed, assignee, due_date, category, sort_order) values ('b00000000000-0000-4000-8000-000000000005', 'a0000000-0000-4000-8000-000000000001', 'a0000000-0000-4000-8000-000000000201', 'Galvanize – send to NW Galvanizing', false, 'James Nguyen', '2025-07-10', 'Fabrication', 4) on conflict (id) do nothing;
insert into public.tasks (id, organization_id, job_id, title, completed, assignee, due_date, category, sort_order) values ('b00000000000-0000-4000-8000-000000000006', 'a0000000-0000-4000-8000-000000000001', 'a0000000-0000-4000-8000-000000000201', 'Dimensional inspection post-galvanize', false, 'Ivy Chen', '2025-07-15', 'QC', 5) on conflict (id) do nothing;
insert into public.tasks (id, organization_id, job_id, title, completed, assignee, due_date, category, sort_order) values ('b00000000000-0000-4000-8000-000000000007', 'a0000000-0000-4000-8000-000000000001', 'a0000000-0000-4000-8000-000000000201', 'Torque bolt verification', false, 'Ivy Chen', '2025-07-18', 'QC', 6) on conflict (id) do nothing;
insert into public.tasks (id, organization_id, job_id, title, completed, assignee, due_date, category, sort_order) values ('b00000000000-0000-4000-8000-000000000008', 'a0000000-0000-4000-8000-000000000001', 'a0000000-0000-4000-8000-000000000201', 'Final paint & marking (stencil MK numbers)', false, 'Cuong Tran', '2025-07-22', 'Fabrication', 7) on conflict (id) do nothing;
insert into public.tasks (id, organization_id, job_id, title, completed, assignee, due_date, category, sort_order) values ('b00000000000-0000-4000-8000-000000000009', 'a0000000-0000-4000-8000-000000000001', 'a0000000-0000-4000-8000-000000000201', 'Load & strap – flatbed, 40'' step deck', false, 'James Nguyen', '2025-08-12', 'Logistics', 8) on conflict (id) do nothing;
insert into public.tasks (id, organization_id, job_id, title, completed, assignee, due_date, category, sort_order) values ('b00000000000-0000-4000-8000-000000000010', 'a0000000-0000-4000-8000-000000000001', 'a0000000-0000-4000-8000-000000000201', 'Deliver to BPA McNary Substation', false, 'James Nguyen', '2025-08-15', 'Logistics', 9) on conflict (id) do nothing;
insert into public.tasks (id, organization_id, job_id, title, completed, assignee, due_date, category, sort_order) values ('b00000000000-0000-4000-8000-000000000011', 'a0000000-0000-4000-8000-000000000001', 'a0000000-0000-4000-8000-000000000202', 'Engineering review', true, 'Ivy Chen', '2025-05-18', 'Engineering', 0) on conflict (id) do nothing;
insert into public.tasks (id, organization_id, job_id, title, completed, assignee, due_date, category, sort_order) values ('b00000000000-0000-4000-8000-000000000012', 'a0000000-0000-4000-8000-000000000001', 'a0000000-0000-4000-8000-000000000202', 'Material cut & prep', true, 'Cuong Tran', '2025-06-01', 'Fabrication', 1) on conflict (id) do nothing;
insert into public.tasks (id, organization_id, job_id, title, completed, assignee, due_date, category, sort_order) values ('b00000000000-0000-4000-8000-000000000013', 'a0000000-0000-4000-8000-000000000001', 'a0000000-0000-4000-8000-000000000202', 'Fit & weld assembly', true, 'Cuong Tran', '2025-06-20', 'Fabrication', 2) on conflict (id) do nothing;
insert into public.tasks (id, organization_id, job_id, title, completed, assignee, due_date, category, sort_order) values ('b00000000000-0000-4000-8000-000000000014', 'a0000000-0000-4000-8000-000000000001', 'a0000000-0000-4000-8000-000000000202', 'Final dimensional check', false, 'Ivy Chen', '2025-07-05', 'QC', 3) on conflict (id) do nothing;
insert into public.tasks (id, organization_id, job_id, title, completed, assignee, due_date, category, sort_order) values ('b00000000000-0000-4000-8000-000000000015', 'a0000000-0000-4000-8000-000000000001', 'a0000000-0000-4000-8000-000000000202', 'Shipping arrangement', false, 'James Nguyen', '2025-07-25', 'Logistics', 4) on conflict (id) do nothing;
insert into public.tasks (id, organization_id, job_id, title, completed, assignee, due_date, category, sort_order) values ('b00000000000-0000-4000-8000-000000000016', 'a0000000-0000-4000-8000-000000000001', 'a0000000-0000-4000-8000-000000000203', 'Receive stamped drawings from PSE', true, 'Ivy Chen', '2025-07-10', 'Engineering', 0) on conflict (id) do nothing;
insert into public.tasks (id, organization_id, job_id, title, completed, assignee, due_date, category, sort_order) values ('b00000000000-0000-4000-8000-000000000017', 'a0000000-0000-4000-8000-000000000001', 'a0000000-0000-4000-8000-000000000203', 'Program CNC for MK-E profiles', false, 'Cuong Tran', '2025-07-20', 'Fabrication', 1) on conflict (id) do nothing;

-- Documents
insert into public.documents (id, organization_id, job_id, name, type, mime_type, size_bytes, google_drive_file_id, google_drive_folder_id, web_view_link, preview_enabled, uploaded_by) values ('c00000000000-0000-4000-8000-000000000001', 'a0000000-0000-4000-8000-000000000001', 'a0000000-0000-4000-8000-000000000201', 'BPA-90866-Drawings-RevC.pdf', 'Drawing', 'application/pdf', 4404019, 'mock-file-1', 'mock-folder-QB2025041', 'https://drive.google.com/file/d/example1', true, 'Ivy Chen') on conflict (id) do nothing;
insert into public.documents (id, organization_id, job_id, name, type, mime_type, size_bytes, google_drive_file_id, google_drive_folder_id, web_view_link, preview_enabled, uploaded_by) values ('c00000000000-0000-4000-8000-000000000002', 'a0000000-0000-4000-8000-000000000001', 'a0000000-0000-4000-8000-000000000201', 'QB-2025-041-WorkOrder.pdf', 'Work Order', 'application/pdf', 1153434, 'mock-file-2', 'mock-folder-QB2025041', 'https://drive.google.com/file/d/example2', false, 'Ivy Chen') on conflict (id) do nothing;
insert into public.documents (id, organization_id, job_id, name, type, mime_type, size_bytes, google_drive_file_id, google_drive_folder_id, web_view_link, preview_enabled, uploaded_by) values ('c00000000000-0000-4000-8000-000000000003', 'a0000000-0000-4000-8000-000000000001', 'a0000000-0000-4000-8000-000000000201', 'BPA-PO-90866.pdf', 'PO', 'application/pdf', 838861, 'mock-file-3', 'mock-folder-QB2025041', 'https://drive.google.com/file/d/example3', false, 'Ivy Chen') on conflict (id) do nothing;
insert into public.documents (id, organization_id, job_id, name, type, mime_type, size_bytes, google_drive_file_id, google_drive_folder_id, web_view_link, preview_enabled, uploaded_by) values ('c00000000000-0000-4000-8000-000000000004', 'a0000000-0000-4000-8000-000000000001', 'a0000000-0000-4000-8000-000000000201', 'Material-Certs-A36-Plate.pdf', 'Inspection', 'application/pdf', 2411725, 'mock-file-4', 'mock-folder-QB2025041', 'https://drive.google.com/file/d/example4', false, 'James Nguyen') on conflict (id) do nothing;
insert into public.documents (id, organization_id, job_id, name, type, mime_type, size_bytes, google_drive_file_id, google_drive_folder_id, web_view_link, preview_enabled, uploaded_by) values ('c00000000000-0000-4000-8000-000000000005', 'a0000000-0000-4000-8000-000000000001', 'a0000000-0000-4000-8000-000000000201', 'Weld-Inspection-Report-06-28.pdf', 'Inspection', 'application/pdf', 1468006, 'mock-file-5', 'mock-folder-QB2025041', 'https://drive.google.com/file/d/example5', false, 'Ivy Chen') on conflict (id) do nothing;
insert into public.documents (id, organization_id, job_id, name, type, mime_type, size_bytes, google_drive_file_id, google_drive_folder_id, web_view_link, preview_enabled, uploaded_by) values ('c00000000000-0000-4000-8000-000000000006', 'a0000000-0000-4000-8000-000000000001', 'a0000000-0000-4000-8000-000000000202', 'PGE-21706-Drawings.pdf', 'Drawing', 'application/pdf', 3984589, 'mock-file-6', 'mock-folder-QB2025038', 'https://drive.google.com/file/d/example6', false, 'Ivy Chen') on conflict (id) do nothing;
insert into public.documents (id, organization_id, job_id, name, type, mime_type, size_bytes, google_drive_file_id, google_drive_folder_id, web_view_link, preview_enabled, uploaded_by) values ('c00000000000-0000-4000-8000-000000000007', 'a0000000-0000-4000-8000-000000000001', 'a0000000-0000-4000-8000-000000000202', 'PGE-PO-21706.pdf', 'PO', 'application/pdf', 943718, 'mock-file-7', 'mock-folder-QB2025038', 'https://drive.google.com/file/d/example7', false, 'Ivy Chen') on conflict (id) do nothing;
insert into public.documents (id, organization_id, job_id, name, type, mime_type, size_bytes, google_drive_file_id, google_drive_folder_id, web_view_link, preview_enabled, uploaded_by) values ('c00000000000-0000-4000-8000-000000000008', 'a0000000-0000-4000-8000-000000000001', 'a0000000-0000-4000-8000-000000000203', 'PSE-44912-Pedestals-Spec.pdf', 'Drawing', 'application/pdf', 5347738, 'mock-file-8', 'mock-folder-QB2025035', 'https://drive.google.com/file/d/example8', false, 'Ivy Chen') on conflict (id) do nothing;

-- Change orders
insert into public.change_orders (id, organization_id, job_id, type, description, impact, status, occurred_on, value) values ('d00000000000-0000-4000-8000-000000000001', 'a0000000-0000-4000-8000-000000000001', 'a0000000-0000-4000-8000-000000000201', 'Change Order', 'BPA added 4 additional hanger brackets per Rev D markup', '+$18,200 / +3 days', 'Pending Approval', '2025-06-25', 18200) on conflict (id) do nothing;
insert into public.change_orders (id, organization_id, job_id, type, description, impact, status, occurred_on, value) values ('d00000000000-0000-4000-8000-000000000002', 'a0000000-0000-4000-8000-000000000001', 'a0000000-0000-4000-8000-000000000201', 'NCR', 'Weld porosity on bracket #MK-230H-03, rework required', '+1 day / no cost', 'Resolved', '2025-06-29', null) on conflict (id) do nothing;

-- Activity logs
insert into public.activity_logs (id, organization_id, job_id, user_name, user_avatar, action, created_at) values ('e00000000000-0000-4000-8000-000000000001', 'a0000000-0000-4000-8000-000000000001', 'a0000000-0000-4000-8000-000000000201', 'Ivy Chen', 'IC', 'Uploaded approved drawings Rev C', '2025-06-02T15:14:00.000Z') on conflict (id) do nothing;
insert into public.activity_logs (id, organization_id, job_id, user_name, user_avatar, action, created_at) values ('e00000000000-0000-4000-8000-000000000002', 'a0000000-0000-4000-8000-000000000001', 'a0000000-0000-4000-8000-000000000201', 'James Nguyen', 'JN', 'Updated task: Material procurement complete', '2025-06-10T21:32:00.000Z') on conflict (id) do nothing;
insert into public.activity_logs (id, organization_id, job_id, user_name, user_avatar, action, created_at) values ('e00000000000-0000-4000-8000-000000000003', 'a0000000-0000-4000-8000-000000000001', 'a0000000-0000-4000-8000-000000000201', 'Cuong Tran', 'CT', 'Uploaded weld inspection report', '2025-06-28T23:05:00.000Z') on conflict (id) do nothing;
insert into public.activity_logs (id, organization_id, job_id, user_name, user_avatar, action, created_at) values ('e00000000000-0000-4000-8000-000000000004', 'a0000000-0000-4000-8000-000000000001', 'a0000000-0000-4000-8000-000000000201', 'Ivy Chen', 'IC', 'Created change order: BPA Rev D brackets', '2025-06-25T17:22:00.000Z') on conflict (id) do nothing;
insert into public.activity_logs (id, organization_id, job_id, user_name, user_avatar, action, created_at) values ('e00000000000-0000-4000-8000-000000000005', 'a0000000-0000-4000-8000-000000000001', 'a0000000-0000-4000-8000-000000000202', 'Cuong Tran', 'CT', 'Completed weld assembly', '2025-06-20T18:30:00.000Z') on conflict (id) do nothing;
